bk,series,model,technology,eta,stroke_mm,nm_per_cycle,nm_per_hour,me_min_kg,me_max_kg,fs_max_N,source_energy,source_energy_hour,confidence,variants,n_variants,damping_codes,note,cph
AC86,AC,AC-8-6,hydraulic,0.8,6.0,2.0,8800.0,0.4,21.0,417.0,AC catalogue 2026,AC catalogue 2026,high,AC 8-6 -F -H; AC 8-6 -F -S; AC 8-6 -F -VS,3,"1,2,3",,4400.0
AC105,AC,AC-10-5,hydraulic,0.8,5.0,3.0,10800.0,0.7,31.0,750.0,AC catalogue 2026,AC catalogue 2026,high,AC 10-5-F-H; AC 10-5-F-S; AC 10-5-F-VS,3,"1,2,3",,3600.0
AC108,AC,AC-10-8,hydraulic,0.8,8.0,4.0,15200.0,0.9,41.0,625.0,AC catalogue 2026,AC catalogue 2026,high,AC 10-8-F-H; AC 10-8-F-S; AC 10-8-F-VS,3,"1,2,3",,3800.0
AC1210,AC,AC-12-10,hydraulic,0.8,10.0,5.0,17640.0,1.1,51.0,625.0,AC catalogue 2026,AC catalogue 2026,high,AC 12-10-H; AC 12-10-S; AC 12-10-VS,3,"1,2,3",,3528.0
AC1410,AC,AC-14-10,hydraulic,0.8,10.0,5.0,15000.0,0.3,42.0,625.0,AC catalogue 2026,AC catalogue 2026,high,,0,"1,2,3,4",,3000.0
AC1412,AC,AC-14-12,hydraulic,0.8,12.0,15.0,30000.0,7.9,366.0,1562.0,AC catalogue 2026,AC catalogue 2026,high,AC 14-12-H; AC 14-12-S; AC 14-12-VS,3,"1,2,3",,2000.0
AC1613,AC,AC-16-13,hydraulic,0.8,13.0,17.0,25000.0,0.9,144.0,1635.0,AC catalogue 2026,AC catalogue 2026,high,AC 16-13-F; AC 16-13-M,2,"1,2,3,4",,1470.6
AC2020,AC,AC-20-20,hydraulic,0.8,20.0,25.0,35000.0,0.3,212.0,1562.0,AC catalogue 2026,AC catalogue 2026,high,AC 20-20-M; AC 20-20-U,2,"0,1,2,3,4",,1400.0
AC2220,AC,AC-22-20,hydraulic,0.8,20.0,25.0,35000.0,0.3,212.0,1562.0,AC catalogue 2026,AC catalogue 2026,high,AC 22-20-M,1,"0,1,2,3,4",,1400.0
AC2050,AC,AC-20-50,hydraulic,0.8,50.0,60.0,60000.0,0.8,509.0,1500.0,AC catalogue 2026,AC catalogue 2026,high,AC 20-50-M; AC 20-50-U,2,"0,1,2,3,4",,1000.0
AC2525,AC,AC-25-25,hydraulic,0.8,25.0,85.0,70000.0,1.1,721.0,4250.0,AC catalogue 2026,AC catalogue 2026,high,AC 25-25-M; AC 25-25-U,2,"0,1,2,3,4",,823.5
AC2625,AC,AC-26-25,hydraulic,0.8,25.0,85.0,70000.0,1.1,721.0,4250.0,AC catalogue 2026,AC catalogue 2026,high,,0,"0,1,2,3,4",,823.5
AC3025,AC,AC-30-25,hydraulic,0.8,25.0,120.0,82000.0,1.8,1130.0,6000.0,AC catalogue 2026,AC catalogue 2026,high,,0,"0,1,2,3,4",,683.3
AC3325,AC,AC-33-25,hydraulic,0.8,25.0,120.0,82000.0,1.8,1130.0,6000.0,AC catalogue 2026,AC catalogue 2026,high,,0,"0,1,2,3,4",,683.3
AC3625,AC,AC-36-25,hydraulic,0.8,25.0,120.0,82000.0,1.8,1130.0,6000.0,AC catalogue 2026,AC catalogue 2026,high,,0,"0,1,2,3,4",,683.3
AC3725,AC,AC-37-25,hydraulic,0.8,25.0,120.0,82000.0,1.8,1130.0,6000.0,AC catalogue 2026,AC catalogue 2026,high,,0,"0,1,2,3,4",,683.3
AC2540,AC,AC-25-40,hydraulic,0.8,40.0,130.0,117000.0,1.7,1100.0,4062.0,AC catalogue 2026,AC catalogue 2026,high,,0,"0,1,2,3,4",,900.0
AC4225,AC,AC-42-25,hydraulic,0.8,25.0,250.0,132000.0,4.1,2610.0,12500.0,AC catalogue 2026,AC catalogue 2026,high,AC 42-25 M-H; AC 42-25 M-S; AC 42-25 U-H; AC 42-25 U-S,4,"0,1,2,3,4",,528.0
AC3050,AC,AC-30-50,hydraulic,0.8,50.0,250.0,97000.0,3.7,2350.0,6250.0,AC catalogue 2026,AC catalogue 2026,high,AC 30-50 M ,1,"0,1,2,3,4",,388.0
AC3350,AC,AC-33-50,hydraulic,0.8,50.0,250.0,97000.0,3.7,2350.0,6250.0,AC catalogue 2026,AC catalogue 2026,high,AC 33-50 M ,1,"0,1,2,3,4",,388.0
AC3650,AC,AC-36-50,hydraulic,0.8,50.0,250.0,97000.0,3.7,2350.0,6250.0,AC catalogue 2026,AC catalogue 2026,high,AC 36-50 M ,1,"0,1,2,3,4",,388.0
AC3750,AC,AC-37-50,hydraulic,0.8,50.0,250.0,97000.0,3.7,2350.0,6250.0,AC catalogue 2026,AC catalogue 2026,high,AC 37-50 M ,1,"0,1,2,3,4",,388.0
AC3775,AC,AC-37-75,hydraulic,0.8,75.0,380.0,120000.0,5.6,3560.0,6333.0,AC catalogue 2026,AC catalogue 2026,high,AC 37-75 M ,1,"0,1,2,3,4",,315.8
AC4250,AC,AC-42-50,hydraulic,0.8,50.0,500.0,150000.0,8.3,5220.0,12500.0,AC catalogue 2026,AC catalogue 2026,high,AC 42-50 M-H; AC 42-50 M-S; AC 42-50 U-H; AC 42-50 U-S,4,"0,1,2,3,4",,300.0
AC4275,AC,AC-42-75,hydraulic,0.8,75.0,750.0,190000.0,12.0,7820.0,12500.0,AC catalogue 2026,AC catalogue 2026,high,AC 42-75 M-H; AC 42-75 M-S; AC 42-75 U-H; AC 42-75 U-S,4,"0,1,2,3,4",,253.3
AC6450,AC,AC-64-50,hydraulic,0.8,50.0,1200.0,174000.0,22.0,14000.0,30000.0,AC catalogue 2026,AC catalogue 2026,high,AC 64-50 M-H; AC 64-50 M-S; AC 64-50 U-H; AC 64-50 U-S,4,"0,1,2,3,4",,145.0
AC64100,AC,AC-64-100,hydraulic,0.8,100.0,2300.0,235000.0,43.0,26840.0,28750.0,AC catalogue 2026,AC catalogue 2026,high,AC 64-100 M-H; AC 64-100 M-S; AC 64-100 U-H; AC 64-100 U-S,4,"0,1,2,3,4",,102.2
AC85125,AC,AC-85-125,hydraulic,0.8,125.0,5500.0,935000.0,520.0,82020.0,55000.0,AC catalogue 2026,AC catalogue 2026,high,AC 85-125 M-H; AC 85-125 M-S,2,"1,2,3,4",,170.0
AC85150,AC,AC-85-150,hydraulic,0.8,150.0,6000.0,1500000.0,567.0,89480.0,50000.0,AC catalogue 2026,AC catalogue 2026,high,AC 85-150 M; AC 85-150 M-s,2,"1,2,3,4",,250.0
AC115150,AC,AC-115-150,hydraulic,0.8,150.0,11000.0,2090000.0,1250.0,57810.0,91667.0,AC catalogue 2026,AC catalogue 2026,high,AC 115-150 M -H; AC 115-150 M -S,2,"1,2,3",,190.0
AC115200,AC,AC-115-200,hydraulic,0.8,200.0,14500.0,2320000.0,1640.0,76200.0,90625.0,AC catalogue 2026,AC catalogue 2026,high,AC 115-200 M-S,1,"1,2,3",,160.0
AC115250,AC,AC-115-250,hydraulic,0.8,250.0,18500.0,2683000.0,2100.0,97220.0,92500.0,AC catalogue 2026,AC catalogue 2026,high,,0,"1,2,3",,145.0
ACX3325,ACX,ACX-33-25,hydraulic,0.8,23.0,180.0,90000.0,2.7,1690.0,9783.0,AC catalogue 2026,AC catalogue 2026,high,,0,"0,1,2,3,4",,500.0
ACX3350,ACX,ACX-33-50,hydraulic,0.8,48.5,350.0,105000.0,5.2,3280.0,9020.6,AC catalogue 2026,AC catalogue 2026,high,,0,"0,1,2,3,4",,300.0
ACX3625,ACX,ACX-36-25,hydraulic,0.8,23.0,180.0,90000.0,2.7,1690.0,9783.0,AC catalogue 2026,AC catalogue 2026,high,,0,"0,1,2,3,4",,500.0
ACX3650,ACX,ACX-36-50,hydraulic,0.8,48.5,350.0,105000.0,5.2,3280.0,9020.6,AC catalogue 2026,AC catalogue 2026,high,,0,"0,1,2,3,4",,300.0
ACX4525,ACX,ACX-45-25,hydraulic,0.8,23.0,370.0,111000.0,6.2,3900.0,20109.0,AC catalogue 2026,AC catalogue 2026,high,ACX4525-0; ACX4525-1; ACX4525-2; ACX4525-3; ACX4525-4,5,"0,1,2,3,4",,300.0
ACX4550,ACX,ACX-45-50,hydraulic,0.8,50.0,740.0,222000.0,12.0,7800.0,18500.0,AC catalogue 2026,AC catalogue 2026,high,ACX4550-0; ACX4550-1; ACX4550-2; ACX4550-3; ACX4550-4,5,"0,1,2,3,4",,300.0
ACX4575,ACX,ACX-45-75,hydraulic,0.8,75.0,1130.0,339000.0,19.0,11920.0,18833.0,AC catalogue 2026,AC catalogue 2026,high,ACX4575-0; ACX4575-1; ACX4575-2; ACX4575-3; ACX4575-4,5,"0,1,2,3,4",,300.0
ACX6450,ACX,ACX-64-50,hydraulic,0.8,50.0,1870.0,374000.0,35.0,21820.0,46750.0,AC catalogue 2026,AC catalogue 2026,high,ACX64-50-1; ACX64-50-2; ACX64-50-3; ACX64-50-4; ACX6450-0; ACX6450-1; ACX6450-2; ACX6450-3; ACX6450-4,9,"0,1,2,3,4",,200.0
ACX64100,ACX,ACX-64-100,hydraulic,0.8,100.0,3730.0,746000.0,69.0,43530.0,46625.0,AC catalogue 2026,AC catalogue 2026,high,ACX64100-0; ACX64100-1; ACX64100-2; ACX64100-3; ACX64100-4,5,"0,1,2,3,4",,200.0
ACX64150,ACX,ACX-64-150,hydraulic,0.8,150.0,5650.0,1130000.0,104.0,65930.0,47083.0,AC catalogue 2026,AC catalogue 2026,high,ACX64150-0; ACX64150-1; ACX64150-2; ACX64150-3; ACX64150-4,5,"0,1,2,3,4",,200.0
AD1410,AD,AD 14-10,hydraulic,0.8,10.0,5.0,15000.0,0.7,55.0,625.0,catalogue,catalogue,high,AD 14-10-F; AD 14-10-M; AD 14-10-U,3,,,3000.0
AD1613,AD,AD 16-13,hydraulic,0.8,13.0,17.0,25000.0,1.5,160.0,1635.0,catalogue,catalogue,high,AD 16-13-F; AD 16-13-M,2,,,1470.6
AD2020,AD,AD 20-20,hydraulic,0.8,20.0,25.0,35000.0,2.0,220.0,1562.0,catalogue,catalogue,high,AD 20-20-M; AD 20-20-U,2,,,1400.0
AD2220,AD,AD 22-20,hydraulic,0.8,20.0,25.0,35000.0,2.0,220.0,1562.0,catalogue,catalogue,high,AD 22-20-M,1,,,1400.0
AD2050,AD,AD 20-50,hydraulic,0.8,50.0,60.0,60000.0,10.0,400.0,1500.0,catalogue,catalogue,high,AD 20-50-M; AD 20-50-U,2,,,1000.0
AD2525,AD,AD 25-25,hydraulic,0.8,25.0,85.0,70000.0,10.0,1500.0,4250.0,catalogue,catalogue,high,AD 25-25-M; AD 25-25-U,2,,,823.5
AD2625,AD,AD 26-25,hydraulic,0.8,25.0,85.0,70000.0,10.0,1500.0,4250.0,catalogue,catalogue,high,AD 26-25-M,1,,,823.5
AD3025,AD,AD 30-25,hydraulic,0.8,25.0,120.0,82000.0,10.0,1800.0,6000.0,catalogue,catalogue,high,AD 30-25 M,1,,,683.3
AD3325,AD,AD 33-25,hydraulic,0.8,25.0,120.0,82000.0,10.0,1800.0,6000.0,catalogue,catalogue,high,AD 33-25  U,1,,,683.3
AD3625,AD,AD 36-25,hydraulic,0.8,25.0,120.0,82000.0,10.0,1800.0,6000.0,catalogue,catalogue,high,AD 36-25 M,1,,,683.3
AD3725,AD,AD 37-25,hydraulic,0.8,25.0,120.0,82000.0,10.0,1800.0,6000.0,catalogue,catalogue,high,AD 37-25 M ,1,,,683.3
AD2540,AD,AD 25-40,hydraulic,0.8,40.0,130.0,117000.0,10.0,2100.0,4062.0,catalogue,catalogue,high,AD 25-40 M,1,,,900.0
AD3050,AD,AD 30-50,hydraulic,0.8,50.0,250.0,97000.0,13.0,2700.0,6250.0,catalogue,catalogue,high,AD 30-50 M ,1,,,388.0
AD3350,AD,AD 33-50,hydraulic,0.8,50.0,250.0,97000.0,13.0,2700.0,6250.0,catalogue,catalogue,high,AD 33-50 M ,1,,,388.0
AD3650,AD,AD 36-50,hydraulic,0.8,50.0,250.0,97000.0,13.0,2700.0,6250.0,catalogue,catalogue,high,AD 36-50 M ,1,,,388.0
AD3750,AD,AD 37-50,hydraulic,0.8,50.0,250.0,97000.0,13.0,2700.0,6250.0,catalogue,catalogue,high,AD 37-50 M ,1,,,388.0
AD4225,AD,AD 42-25,hydraulic,0.8,25.0,250.0,132000.0,16.5,2363.0,12500.0,catalogue,catalogue,medium,AD 42-25 M-H; AD 42-25 M-S; AD 42-25 U-H; AD 42-25 U-S,4,,,528.0
AD3775,AD,AD 37-75,hydraulic,0.8,75.0,380.0,120000.0,13.0,2700.0,6333.0,catalogue,catalogue,high,AD 37-75 M ,1,,,315.8
AD4250,AD,AD 42-50,hydraulic,0.8,50.0,500.0,150000.0,33.1,4726.0,12500.0,catalogue,catalogue,medium,AD 42-50 M-H; AD 42-50 M-S; AD 42-50 U-H; AD 42-50 U-S,4,,,300.0
AD4275,AD,AD 42-75,hydraulic,0.8,75.0,750.0,190000.0,49.6,7089.0,12500.0,catalogue,catalogue,medium,AD 42-75 M-H; AD 42-75 M-S; AD 42-75 U-H; AD 42-75 U-S,4,,,253.3
AD6450,AD,AD 64-50,hydraulic,0.8,50.0,1200.0,174000.0,70.0,11342.0,30000.0,catalogue,catalogue,medium,AD 64-50 M-H; AD 64-50 M-S; AD 64-50 U-H; AD 64-50 U-S,4,,,145.0
AD64100,AD,AD 64-100,hydraulic,0.8,100.0,2300.0,235000.0,150.0,21739.0,28750.0,catalogue,catalogue,medium,AD 64-100 M-H; AD 64-100 M-S; AD 64-100 U-H; AD 64-100 U-S,4,,,102.2
AD85125,AD,AD 85-125,hydraulic,0.8,125.0,5500.0,935000.0,300.0,50000.0,55000.0,catalogue,catalogue,high,AD 85-125 M-H; AD 85-125 M-S,2,,,170.0
AD85150,AD,AD 85-150,hydraulic,0.8,150.0,6000.0,1500000.0,320.0,56711.0,50000.0,catalogue,catalogue,medium,,0,,,250.0
AD115150,AD,AD 115-150,hydraulic,0.8,150.0,11000.0,2090000.0,355.0,88000.0,91667.0,catalogue,catalogue,high,AD 115-150 M -H,1,,,190.0
AD115200,AD,AD 115-200,hydraulic,0.8,200.0,14500.0,2320000.0,390.0,116000.0,90625.0,catalogue,catalogue,high,,0,,,160.0
AD115250,AD,AD 115-250,hydraulic,0.8,250.0,18500.0,2683000.0,450.0,148000.0,92500.0,catalogue,catalogue,high,,0,,,145.0
AKHG6525,AKHG,AKHG 65-25,hydraulic,0.8,25.0,2000.0,100000.0,,,100000.0,catalogue,catalogue,high,AKHG65-25,1,,,50.0
AKHG6550,AKHG,AKHG 65-50,hydraulic,0.8,50.0,4000.0,200000.0,,,100000.0,catalogue,catalogue,high,AKHG65-50,1,,,50.0
AKHG6575,AKHG,AKHG 65-75,hydraulic,0.8,75.0,6000.0,300000.0,,,100000.0,catalogue,catalogue,high,AKHG65-75,1,,,50.0
AKHG65100,AKHG,AKHG 65-100,hydraulic,0.8,100.0,8000.0,400000.0,,,100000.0,catalogue,catalogue,high,AKHG65-100,1,,,50.0
AKHG8550,AKHG,AKHG 85-50,hydraulic,0.8,50.0,8000.0,600000.0,,,200000.0,catalogue,catalogue,high,AKHG85-50,1,,,75.0
AKHG65125,AKHG,AKHG 65-125,hydraulic,0.8,125.0,10000.0,500000.0,,,100000.0,catalogue,catalogue,high,AKHG65-125,1,,,50.0
AKHG10050,AKHG,AKHG 100-50,hydraulic,0.8,50.0,11000.0,750000.0,,,275000.0,catalogue,catalogue,high,AKHG100-50,1,,,68.2
AKHG65150,AKHG,AKHG 65-150,hydraulic,0.8,150.0,12000.0,600000.0,,,100000.0,catalogue,catalogue,high,AKHG65-150,1,,,50.0
AKHG65200,AKHG,AKHG 65-200,hydraulic,0.8,200.0,16000.0,800000.0,,,100000.0,catalogue,catalogue,high,AKHG65-200,1,,,50.0
AKHG85100,AKHG,AKHG 85-100,hydraulic,0.8,100.0,16000.0,1200000.0,,,200000.0,catalogue,catalogue,high,AKHG85-100,1,,,75.0
AKHG10080,AKHG,AKHG 100-80,hydraulic,0.8,80.0,18000.0,1200000.0,,,281250.0,catalogue,catalogue,high,AKHG100-80,1,,,66.7
AKHG100100,AKHG,AKHG 100-100,hydraulic,0.8,100.0,23000.0,1600000.0,,,287500.0,catalogue,catalogue,high,AKHG100-100,1,,,69.6
AKHG85150,AKHG,AKHG 85-150,hydraulic,0.8,150.0,24000.0,1800000.0,,,200000.0,catalogue,catalogue,high,AKHG85-150,1,,,75.0
AKHG100120,AKHG,AKHG 100-120,hydraulic,0.8,120.0,27000.0,1800000.0,,,281250.0,catalogue,catalogue,high,AKHG100-120,1,,,66.7
AKHG85200,AKHG,AKHG 85-200,hydraulic,0.8,200.0,32000.0,2400000.0,,,200000.0,catalogue,catalogue,high,AKHG85-200,1,,,75.0
AKHG100150,AKHG,AKHG 100-150,hydraulic,0.8,150.0,34000.0,2300000.0,,,283333.0,catalogue,catalogue,high,AKHG100-150,1,,,67.6
AKHG85250,AKHG,AKHG 85-250,hydraulic,0.8,250.0,40000.0,2850000.0,,,200000.0,catalogue,catalogue,high,AKHG85-250,1,,,71.2
AKHG120100,AKHG,AKHG 120-100,hydraulic,0.8,100.0,45000.0,2900000.0,,,562500.0,catalogue,catalogue,high,AKHG120-100,1,,,64.4
AKHG100200,AKHG,AKHG 100-200,hydraulic,0.8,200.0,46000.0,3100000.0,,,287500.0,catalogue,catalogue,high,AKHG100-200,1,,,67.4
AKHG100250,AKHG,AKHG 100-250,hydraulic,0.8,250.0,58000.0,3600000.0,,,290000.0,catalogue,catalogue,high,AKHG100-250,1,,,62.1
AKHG140100,AKHG,AKHG 140-100,hydraulic,0.8,100.0,62000.0,3800000.0,,,775000.0,catalogue,catalogue,high,AKHG 140-100,1,,,61.3
AKHG100300,AKHG,AKHG 100-300,hydraulic,0.8,300.0,69000.0,4200000.0,,,287500.0,catalogue,catalogue,high,AKHG100-300,1,,,60.9
AKHG120150,AKHG,AKHG 120-150,hydraulic,0.8,150.0,70000.0,4400000.0,,,583333.0,catalogue,catalogue,high,AKHG120-150,1,,,62.9
AKHG150100,AKHG,AKHG 150-100,hydraulic,0.8,100.0,70000.0,4000000.0,,,875000.0,catalogue,catalogue,high,AKHG150-100,1,,,57.1
AKHG180100,AKHG,AKHG 180-100,hydraulic,0.8,100.0,80000.0,4500000.0,,,1000000.0,catalogue,catalogue,high,AKHG 180-100,1,,,56.2
AKHG100400,AKHG,AKHG 100-400,hydraulic,0.8,400.0,90000.0,5400000.0,,,281250.0,catalogue,catalogue,high,AKHG100-400,1,,,60.0
AKHG140150,AKHG,AKHG 140-150,hydraulic,0.8,150.0,91000.0,5800000.0,,,758333.0,catalogue,catalogue,high,AKHG140-150,1,,,63.7
AKHG120200,AKHG,AKHG 120-200,hydraulic,0.8,200.0,92000.0,5800000.0,,,575000.0,catalogue,catalogue,high,AKHG120-200,1,,,63.0
AKHG100500,AKHG,AKHG 100-500,hydraulic,0.8,500.0,110000.0,6600000.0,,,275000.0,catalogue,catalogue,high,AKHG100-500,1,,,60.0
AKHG120250,AKHG,AKHG 120-250,hydraulic,0.8,250.0,114000.0,7200000.0,,,570000.0,catalogue,catalogue,high,AKHG120-250,1,,,63.2
AKHG130250,AKHG,AKHG 130-250,hydraulic,0.8,250.0,120000.0,8200000.0,,,600000.0,catalogue,catalogue,high,,0,,,68.3
AKHG140200,AKHG,AKHG 140-200,hydraulic,0.8,200.0,124000.0,9800000.0,,,775000.0,catalogue,catalogue,high,AKHG140-200,1,,,79.0
AKHG100600,AKHG,AKHG 100-600,hydraulic,0.8,600.0,125000.0,7200000.0,,,260417.0,catalogue,catalogue,high,AKHG100-600,1,,,57.6
AKHG120300,AKHG,AKHG 120-300,hydraulic,0.8,300.0,130000.0,8500000.0,,,541667.0,catalogue,catalogue,high,AKHG120-300,1,,,65.4
AKHG150200,AKHG,AKHG 150-200,hydraulic,0.8,200.0,136000.0,7200000.0,,,850000.0,catalogue,catalogue,high,AKHG150-200,1,,,52.9
AKHG100800,AKHG,AKHG 100-800,hydraulic,0.8,800.0,140000.0,7900000.0,,,218750.0,catalogue,catalogue,high,AKHG100-800,1,,,56.4
AKHG130300,AKHG,AKHG 130-300,hydraulic,0.8,300.0,140000.0,9600000.0,,,583333.0,catalogue,catalogue,high,,0,,,68.6
AKHG120400,AKHG,AKHG 120-400,hydraulic,0.8,400.0,160000.0,10000000.0,,,500000.0,catalogue,catalogue,high,AKHG120-400,1,,,62.5
AKHG180200,AKHG,AKHG 180-200,hydraulic,0.8,200.0,160000.0,10000000.0,,,1000000.0,catalogue,catalogue,high,AKHG180-200,1,,,62.5
AKHG140300,AKHG,AKHG 140-300,hydraulic,0.8,300.0,175000.0,12000000.0,,,729167.0,catalogue,catalogue,high,AKHG140-300,1,,,68.6
AKHG120500,AKHG,AKHG 120-500,hydraulic,0.8,500.0,180000.0,11500000.0,,,450000.0,catalogue,catalogue,high,AKHG120-500,1,,,63.9
AKHG130400,AKHG,AKHG 130-400,hydraulic,0.8,400.0,180000.0,12000000.0,,,562500.0,catalogue,catalogue,high,,0,,,66.7
AKHG150300,AKHG,AKHG 150-300,hydraulic,0.8,300.0,183000.0,13000000.0,,,762500.0,catalogue,catalogue,high,AKHG150-300,1,,,71.0
AKHG120600,AKHG,AKHG 120-600,hydraulic,0.8,600.0,200000.0,12800000.0,,,416667.0,catalogue,catalogue,high,AKHG120-600,1,,,64.0
AKHG180250,AKHG,AKHG 180-250,hydraulic,0.8,250.0,200000.0,12800000.0,,,1000000.0,catalogue,catalogue,high,AKHG180-250,1,,,64.0
AKHG130500,AKHG,AKHG 130-500,hydraulic,0.8,500.0,220000.0,15000000.0,,,550000.0,catalogue,catalogue,high,,0,,,68.2
AKHG140400,AKHG,AKHG 140-400,hydraulic,0.8,400.0,234000.0,15000000.0,,,731250.0,catalogue,catalogue,high,AKHG140-400,1,,,64.1
AKHG120800,AKHG,AKHG 120-800,hydraulic,0.8,800.0,240000.0,13600000.0,,,375000.0,catalogue,catalogue,high,AKHG120-800,1,,,56.7
AKHG150400,AKHG,AKHG 150-400,hydraulic,0.8,400.0,243000.0,13500000.0,,,759375.0,catalogue,catalogue,high,AKHG150-400,1,,,55.6
AKHG130600,AKHG,AKHG 130-600,hydraulic,0.8,600.0,260000.0,17800000.0,,,541667.0,catalogue,catalogue,high,,0,,,68.5
AKHG140500,AKHG,AKHG 140-500,hydraulic,0.8,500.0,270000.0,17000000.0,,,675000.0,catalogue,catalogue,high,AKHG140-500,1,,,63.0
AKHG1201000,AKHG,AKHG 120-1000,hydraulic,0.8,1000.0,280000.0,14500000.0,,,350000.0,catalogue,catalogue,high,AKHG120-1000,1,,,51.8
AKHG180400,AKHG,AKHG 180-400,hydraulic,0.8,400.0,280000.0,14500000.0,,,875000.0,catalogue,catalogue,high,AKHG180-400,1,,,51.8
AKHG150500,AKHG,AKHG 150-500,hydraulic,0.8,500.0,285000.0,17400000.0,,,712500.0,catalogue,catalogue,high,AKHG150-500,1,,,61.1
AKHG130800,AKHG,AKHG 130-800,hydraulic,0.8,800.0,300000.0,19000000.0,,,468750.0,catalogue,catalogue,high,,0,,,63.3
AKHG140600,AKHG,AKHG 140-600,hydraulic,0.8,600.0,300000.0,20000000.0,,,625000.0,catalogue,catalogue,high,AKHG140-600,1,,,66.7
AKHG150600,AKHG,AKHG 150-600,hydraulic,0.8,600.0,323000.0,21000000.0,,,672917.0,catalogue,catalogue,high,AKHG150-600,1,,,65.0
AKHG140800,AKHG,AKHG 140-800,hydraulic,0.8,800.0,325000.0,25000000.0,,,507812.0,catalogue,catalogue,high,AKHG140-800,1,,,76.9
AKHG180500,AKHG,AKHG 180-500,hydraulic,0.8,500.0,350000.0,18000000.0,,,875000.0,catalogue,catalogue,high,AKHG180-500,1,,,51.4
AKHG1401000,AKHG,AKHG 140-1000,hydraulic,0.8,1000.0,360000.0,27500000.0,,,450000.0,catalogue,catalogue,high,AKHG140-1000,1,,,76.4
AKHG150800,AKHG,AKHG 150-800,hydraulic,0.8,800.0,367000.0,25600000.0,,,573438.0,catalogue,catalogue,high,AKHG150-800,1,,,69.8
AKHG1501000,AKHG,AKHG 150-1000,hydraulic,0.8,1000.0,410000.0,28000000.0,,,512500.0,catalogue,catalogue,high,AKHG150-1000,1,,,68.3
AKHG180600,AKHG,AKHG 180-600,hydraulic,0.8,600.0,430000.0,23000000.0,,,895833.0,catalogue,catalogue,high,AKHG180-600,1,,,53.5
AKHG180800,AKHG,AKHG 180-800,hydraulic,0.8,800.0,570000.0,27000000.0,,,890625.0,catalogue,catalogue,high,AKHG180-800,1,,,47.4
AKHG1801000,AKHG,AKHG 180-1000,hydraulic,0.8,1000.0,720000.0,29000000.0,,,900000.0,catalogue,catalogue,high,AKHG180-1000,1,,,40.3
AKHS13070,AKHS,AKHS 130-70,hydraulic,0.8,70.0,12000.0,180000.0,,,214286.0,catalogue,catalogue,high,,0,,,15.0
AKHS130100,AKHS,AKHS 130-100,hydraulic,0.8,100.0,16000.0,280000.0,,,200000.0,catalogue,catalogue,high,,0,,,17.5
AKHS130150,AKHS,AKHS 130-150,hydraulic,0.8,150.0,22000.0,300000.0,,,183333.0,catalogue,catalogue,high,,0,,,13.6
AKHS16080,AKHS,AKHS 160-80,hydraulic,0.8,80.0,28000.0,380000.0,,,437500.0,catalogue,catalogue,high,,0,,,13.6
AKHS190100,AKHS,AKHS 190-100,hydraulic,0.8,100.0,42000.0,720000.0,,,525000.0,catalogue,catalogue,high,,0,,,17.1
AKHS160150,AKHS,AKHS 160-150,hydraulic,0.8,150.0,44000.0,574000.0,,,366667.0,catalogue,catalogue,high,,0,,,13.0
AKHS190150,AKHS,AKHS 190-150,hydraulic,0.8,150.0,65000.0,840000.0,,,541667.0,catalogue,catalogue,high,,0,,,12.9
ED1.5X2,ED,ED 1.5 x 2,hydraulic,0.8,50.0,3200.0,189000.0,,,80000.0,catalogue,catalogue,high,ED 1.5 x 2,1,,,59.1
ED1.5X4,ED,ED 1.5 x 4,hydraulic,0.8,100.0,6100.0,368000.0,,,76250.0,catalogue,catalogue,high,ED 1.5 x 4,1,,,60.3
ED1.5X6,ED,ED 1.5 x 6,hydraulic,0.8,150.0,9100.0,546700.0,,,75833.0,catalogue,catalogue,high,ED 1.5 x 6,1,,,60.1
ED3.0X2,ED,ED 3.0 x 2,hydraulic,0.8,50.0,9600.0,578500.0,,,240000.0,catalogue,catalogue,high,ED 3.0 x 2,1,,,60.3
ED1.5X8,ED,ED 1.5 x 8,hydraulic,0.8,200.0,12200.0,732500.0,,,76250.0,catalogue,catalogue,high,ED 1.5 x 8,1,,,60.0
ED3.5X2,ED,ED 3.5 x 2,hydraulic,0.8,50.0,13000.0,781000.0,,,325000.0,catalogue,catalogue,high,ED 3.5 X 2,1,,,60.1
ED3.0X3,ED,ED 3.0 x 3,hydraulic,0.8,75.0,14600.0,659000.0,,,243333.0,catalogue,catalogue,high,ED 3.0 x 3,1,,,45.1
ED1.5X10,ED,ED 1.5 x 10,hydraulic,0.8,250.0,15200.0,781000.0,,,76000.0,catalogue,catalogue,high,ED 1.5 x 10,1,,,51.4
ED4.0X2,ED,ED 4.0 x 2,hydraulic,0.8,50.0,15700.0,943700.0,,,392500.0,catalogue,catalogue,high,ED 4.0 X 2,1,,,60.1
ED2.0X6,ED,ED 2.0 x 6,hydraulic,0.8,152.0,17200.0,862100.0,,,141447.0,catalogue,database,high,ED 2.0 x 6,1,,,50.1
ED1.5X12,ED,ED 1.5 x 12,hydraulic,0.8,300.0,18300.0,877900.0,,,76250.0,catalogue,catalogue,high,ED 1.5 x 12,1,,,48.0
ED1.5X14,ED,ED 1.5 x 14,hydraulic,0.8,350.0,20900.0,972900.0,,,74643.0,catalogue,catalogue,high,ED 1.5 x 14,1,,,46.6
ED2.0X8,ED,ED 2.0 x 8,hydraulic,0.8,203.0,23000.0,913700.0,,,141626.0,catalogue,database,high,ED 2.0 x 8,1,,,39.7
ED1.5X16,ED,ED 1.5 x 16,hydraulic,0.8,400.0,23300.0,1069800.0,,,72812.0,catalogue,catalogue,high,ED 1.5 x 16,1,,,45.9
ED3.0X5,ED,ED 3.0 x 5,hydraulic,0.8,125.0,24200.0,805700.0,,,242000.0,catalogue,catalogue,high,ED 3.0 x 5,1,,,33.3
ED1.5X18,ED,ED 1.5 x 18,hydraulic,0.8,450.0,25300.0,1166700.0,,,70278.0,catalogue,catalogue,high,ED 1.5 x 18,1,,,46.1
ED3.5X4,ED,ED 3.5 x 4,hydraulic,0.8,100.0,26000.0,993500.0,,,325000.0,catalogue,catalogue,high,ED 3.5 X 4,1,,,38.2
ED1.5X20,ED,ED 1.5 x 20,hydraulic,0.8,500.0,27200.0,1263600.0,,,68000.0,catalogue,catalogue,high,ED 1.5 x 20,1,,,46.5
ED2.0X10,ED,ED 2.0 x 10,hydraulic,0.8,250.0,28800.0,1033200.0,,,144000.0,catalogue,database,high,ED 2.0 x 10,1,,,35.9
ED1.5X24,ED,ED 1.5 x 24,hydraulic,0.8,600.0,30500.0,1457400.0,,,63542.0,catalogue,catalogue,high,ED 1.5 x 24,1,,,47.8
ED4.0X4,ED,ED 4.0 x 4,hydraulic,0.8,100.0,31200.0,1534300.0,,,390000.0,catalogue,catalogue,high,ED 4.0 X 4,1,,,49.2
ED1.5X28,ED,ED 1.5 x 28,hydraulic,0.8,713.0,33600.0,1649300.0,,,58906.0,catalogue,catalogue,high,ED 1.5 x 28,1,,,49.1
ED2.0X12,ED,ED 2.0 x 12,hydraulic,0.8,300.0,34300.0,1152700.0,,,142917.0,catalogue,database,high,ED 2.0 x 12,1,,,33.6
ED3.0X8,ED,ED 3.0 x 8,hydraulic,0.8,200.0,35700.0,1021500.0,,,223125.0,catalogue,catalogue,high,ED 3.0 x 8,1,,,28.6
ED1.5X32,ED,ED 1.5 x 32,hydraulic,0.8,813.0,36500.0,1839300.0,,,56119.0,catalogue,catalogue,high,ED 1.5 x 32,1,,,50.4
ED2.0X14,ED,ED 2.0 x 14,hydraulic,0.8,350.0,38700.0,1272100.0,,,138214.0,catalogue,database,high,ED 2.0 x 14,1,,,32.9
ED3.5X6,ED,ED 3.5 x 6,hydraulic,0.8,150.0,38800.0,1161900.0,,,323333.0,catalogue,catalogue,high,ED 3.5 X 6,1,,,29.9
ED2.0X16,ED,ED 2.0 x 16,hydraulic,0.8,400.0,43200.0,1391600.0,,,135000.0,catalogue,database,high,ED 2.0 x 16,1,,,32.2
ED3.0X10,ED,ED 3.0 x 10,hydraulic,0.8,250.0,43200.0,1168300.0,,,216000.0,catalogue,catalogue,high,ED 3.0 x 10,1,,,27.0
ED4.0X6,ED,ED 4.0 x 6,hydraulic,0.8,150.0,46279.0,1756700.0,,,385658.0,catalogue,catalogue,high,ED 4.0 X 6,1,,,38.0
ED2.0X18,ED,ED 2.0 x 18,hydraulic,0.8,450.0,47600.0,1511100.0,,,132222.0,catalogue,database,high,ED 2.0 x 18,1,,,31.7
ED3.0X12,ED,ED 3.0 x 12,hydraulic,0.8,300.0,50700.0,1315000.0,,,211250.0,catalogue,catalogue,high,ED 3.0 x 12,1,,,25.9
ED3.5X8,ED,ED 3.5 x 8,hydraulic,0.8,200.0,50900.0,1333600.0,,,318125.0,catalogue,catalogue,high,ED 3.5 X 8,1,,,26.2
ED2.0X20,ED,ED 2.0 x 20,hydraulic,0.8,500.0,51900.0,1628300.0,,,129750.0,catalogue,database,high,ED 2.0 x 20,1,,,31.4
ED2.0X24,ED,ED 2.0 x 24,hydraulic,0.8,600.0,60800.0,1867200.0,,,126667.0,catalogue,database,high,ED 2.0 x 24,1,,,30.7
ED3.5X10,ED,ED 3.5 x 10,hydraulic,0.8,250.0,60800.0,1505400.0,,,304000.0,catalogue,catalogue,high,ED 3.5 X 10,1,,,24.8
ED4.0X8,ED,ED 4.0 x 8,hydraulic,0.8,200.0,62000.0,1987900.0,,,387500.0,catalogue,catalogue,high,ED 4.0 X 8,1,,,32.1
ED3.0X14,ED,ED 3.0 x 14,hydraulic,0.8,350.0,62900.0,1605700.0,,,224643.0,catalogue,catalogue,high,ED 3.0 x 14,1,,,25.5
ED2.0X28,ED,ED 2.0 x 28,hydraulic,0.8,700.0,69800.0,2106200.0,,,124643.0,catalogue,database,high,ED 2.0 x 28,1,,,30.2
ED3.0X16,ED,ED 3.0 x 16,hydraulic,0.8,400.0,70400.0,1752400.0,,,220000.0,catalogue,catalogue,high,ED 3.0 x 16,1,,,24.9
ED2.0X32,ED,ED 2.0 x 32,hydraulic,0.8,800.0,70700.0,2527900.0,,,110469.0,catalogue,database,high,ED 2.0 x 32,1,,,35.8
ED3.5X12,ED,ED 3.5 x 12,hydraulic,0.8,300.0,70800.0,1677200.0,,,295000.0,catalogue,catalogue,high,ED 3.5 X 12,1,,,23.7
ED4.0X10,ED,ED 4.0 x 10,hydraulic,0.8,250.0,77100.0,2210300.0,,,385500.0,catalogue,catalogue,high,ED 4.0 X 10,1,,,28.7
ED3.0X18,ED,ED 3.0 x 18,hydraulic,0.8,450.0,77900.0,1899200.0,,,216389.0,catalogue,catalogue,high,ED 3.0 x 18,1,,,24.4
ED3.0X20,ED,ED 3.0 x 20,hydraulic,0.8,500.0,85400.0,2046000.0,,,213500.0,catalogue,catalogue,high,ED 3.0 x 20,1,,,24.0
ED3.5X16,ED,ED 3.5 x 16,hydraulic,0.8,400.0,90500.0,2017300.0,,,282812.0,catalogue,catalogue,high,ED 3.5 X 16,1,,,22.3
ED4.0X12,ED,ED 4.0 x 12,hydraulic,0.8,300.0,92600.0,1855100.0,,,385833.0,catalogue,catalogue,high,ED 4.0 X 12,1,,,20.0
ED3.0X24,ED,ED 3.0 x 24,hydraulic,0.8,600.0,100300.0,2336600.0,,,208958.0,catalogue,catalogue,high,ED 3.0 x 24,1,,,23.3
ED2.0X36,ED,ED 2.0 x 36,hydraulic,0.8,900.0,101200.0,2762200.0,,,140556.0,catalogue,database,high,ED 2.0 x 36,1,,,27.3
ED2.0X40,ED,ED 2.0 x 40,hydraulic,0.8,1000.0,101400.0,2996500.0,,,126750.0,database,database,medium,ED 2.0 x 40,1,,,29.6
ED2.0X48,ED,ED 2.0 x 48,hydraulic,0.8,1200.0,114500.0,3465000.0,,,119271.0,database,database,medium,ED 2.0 x 48,1,,,30.3
ED3.0X28,ED,ED 3.0 x 28,hydraulic,0.8,700.0,115300.0,2630100.0,,,205893.0,catalogue,catalogue,high,ED 3.0 x 28,1,,,22.8
ED3.5X20,ED,ED 3.5 x 20,hydraulic,0.8,500.0,118800.0,2546100.0,,,297000.0,catalogue,catalogue,high,ED 3.5 X 20,1,,,21.4
ED4.0X16,ED,ED 4.0 x 16,hydraulic,0.8,400.0,123100.0,3304300.0,,,384688.0,catalogue,catalogue,high,ED 4.0 X 16,1,,,26.8
ED2.0X56,ED,ED 2.0 x 56,hydraulic,0.8,1400.0,125000.0,3957000.0,,,111607.0,database,database,medium,ED 2.0 x 56,1,,,31.7
ED3.0X32,ED,ED 3.0 x 32,hydraulic,0.8,800.0,130200.0,2920700.0,,,203438.0,catalogue,catalogue,high,ED 3.0 x 32,1,,,22.4
ED3.5X24,ED,ED 3.5 x 24,hydraulic,0.8,600.0,138700.0,2889600.0,,,288958.0,catalogue,catalogue,high,ED 3.5 X 24,1,,,20.8
ED3.0X36,ED,ED 3.0 x 36,hydraulic,0.8,900.0,147700.0,3349500.0,,,205139.0,catalogue,catalogue,high,ED 3.0 x 36,1,,,22.7
ED4.0X20,ED,ED 4.0 x 20,hydraulic,0.8,500.0,154000.0,3757900.0,,,385000.0,catalogue,catalogue,high,ED 4.0 X 20,1,,,24.4
ED3.5X28,ED,ED 3.5 x 28,hydraulic,0.8,700.0,158500.0,3229700.0,,,283036.0,catalogue,catalogue,high,ED 3.5 X 28,1,,,20.4
ED3.0X40,ED,ED 3.0 x 40,hydraulic,0.8,1000.0,159600.0,3637200.0,,,199500.0,catalogue,catalogue,high,ED 3.0 x 40,1,,,22.8
ED3.5X32,ED,ED 3.5 x 32,hydraulic,0.8,800.0,178400.0,3573200.0,,,278750.0,catalogue,catalogue,high,ED 3.5 X 32,1,,,20.0
ED3.0X48,ED,ED 3.0 x 48,hydraulic,0.8,1200.0,179700.0,4212800.0,,,187188.0,database,database,medium,ED 3.0 x 48,1,,,23.4
ED4.0X24,ED,ED 4.0 x 24,hydraulic,0.8,600.0,184800.0,4211500.0,,,385000.0,catalogue,catalogue,high,ED 4.0 X 24,1,,,22.8
ED3.0X56,ED,ED 3.0 x 56,hydraulic,0.8,1400.0,196700.0,4788300.0,,,175625.0,database,database,medium,ED 3.0 x 56,1,,,24.3
ED3.5X36,ED,ED 3.5 x 36,hydraulic,0.8,900.0,198300.0,3916800.0,,,275417.0,catalogue,catalogue,high,ED 3.5 X 36,1,,,19.8
ED3.0X60,ED,ED 3.0 x 60,hydraulic,0.8,1500.0,206800.0,5166300.0,,,172333.0,database,database,medium,ED 3.0 x 60,1,,,25.0
ED4.0X28,ED,ED 4.0 x 28,hydraulic,0.8,700.0,215100.0,4660700.0,,,384107.0,catalogue,catalogue,high,ED 4.0 X 28,1,,,21.7
ED3.5X40,ED,ED 3.5 x 40,hydraulic,0.8,1000.0,216800.0,4256900.0,,,271000.0,database,database,medium,ED 3.5 X 40,1,,,19.6
ED3.0X64,ED,ED 3.0 x 64,hydraulic,0.8,1629.0,217700.0,5210400.0,,,167050.0,database,database,medium,ED 3.0 x 64,1,,,23.9
ED3.0X72,ED,ED 3.0 x 72,hydraulic,0.8,1830.0,238000.0,6242000.0,,,162568.0,database,database,medium,ED 3.0 x 72,1,,,26.2
ED4.0X32,ED,ED 4.0 x 32,hydraulic,0.8,800.0,240500.0,5114300.0,,,375781.0,catalogue,catalogue,high,ED 4.0 X 32,1,,,21.3
ED3.5X48,ED,ED 3.5 x 48,hydraulic,0.8,1200.0,247200.0,4930500.0,,,257500.0,database,database,medium,ED 3.5 X 48,1,,,19.9
ED4.0X36,ED,ED 4.0 x 36,hydraulic,0.8,900.0,265900.0,5567900.0,,,369306.0,catalogue,catalogue,high,ED 4.0 X 36,1,,,20.9
ED3.5X56,ED,ED 3.5 x 56,hydraulic,0.8,1400.0,273300.0,5604000.0,,,244018.0,database,database,medium,ED 3.5 X 56,1,,,20.5
ED4.0X40,ED,ED 4.0 x 40,hydraulic,0.8,1000.0,289900.0,6017100.0,,,362375.0,database,database,medium,ED 4.0 X 40,1,,,20.8
ED4.0X48,ED,ED 4.0 x 48,hydraulic,0.8,1200.0,329300.0,6919900.0,,,343021.0,database,database,medium,ED 4.0 X 48,1,,,21.0
EI50X50,EI,EI 50 x 50,hydraulic,0.8,50.0,3500.0,206719.0,,,87500.0,catalogue,derived,high,EI 50 x 50,1,,,59.1
EI50X100,EI,EI 50 x 100,hydraulic,0.8,100.0,6900.0,416262.0,,,86250.0,catalogue,derived,high,EI 50 x 100,1,,,60.3
EI80X50,EI,EI 80 x 50,hydraulic,0.8,50.0,7800.0,468600.0,,,195000.0,catalogue,derived,high,EI 80 x 50,1,,,60.1
EI100X50,EI,EI 100 x 50,hydraulic,0.8,50.0,11500.0,690471.0,,,287500.0,catalogue,derived,high,EI 100 x 50,1,,,60.0
EI80X100,EI,EI 80 x 100,hydraulic,0.8,100.0,15600.0,937689.0,,,195000.0,catalogue,derived,high,EI 80 x 100,1,,,60.1
EI100X100,EI,EI 100 x 100,hydraulic,0.8,100.0,23000.0,913700.0,,,287500.0,catalogue,derived,high,EI 100 x 100,1,,,39.7
EI100X150,EI,EI 100 x 150,hydraulic,0.8,150.0,34500.0,1159421.0,,,287500.0,catalogue,derived,high,EI 100 x 150,1,,,33.6
EI120X100,EI,EI 120 x 100,hydraulic,0.8,100.0,37000.0,1864496.0,,,462500.0,catalogue,derived,high,EI 120 x 100,1,,,50.4
EI100X200,EI,EI 100 x 200,hydraulic,0.8,200.0,46000.0,1746109.0,,,287500.0,catalogue,derived,high,EI 100 x 200,1,,,38.0
EI120X150,EI,EI 120 x 150,hydraulic,0.8,150.0,55000.0,1725559.0,,,458333.0,catalogue,derived,high,EI 120 x 150,1,,,31.4
EI150X115,EI,EI 150 x 115,hydraulic,0.8,115.0,71000.0,1681938.0,,,771739.0,catalogue,derived,high,EI 150 x 115,1,,,23.7
EI120X200,EI,EI 120 x 200,hydraulic,0.8,200.0,74000.0,2121429.0,,,462500.0,catalogue,derived,high,EI 120 x 200,1,,,28.7
EI100X400,EI,EI 100 x 400,hydraulic,0.8,400.0,92000.0,1843080.0,,,287500.0,catalogue,derived,high,EI 100 x 400,1,,,20.0
EI150X150,EI,EI 150 x 150,hydraulic,0.8,150.0,94000.0,1883147.0,,,783333.0,catalogue,derived,high,EI 150 x 150,1,,,20.0
EI130X250,EI,EI 130 x 250,hydraulic,0.8,250.0,107900.0,2632970.0,,,539500.0,derived,derived,medium,EI 130 x 250,1,,,24.4
EI120X300,EI,EI 120 x 300,hydraulic,0.8,300.0,108000.0,3268297.0,,,450000.0,catalogue,derived,high,EI 120 x 300,1,,,30.3
EI100X500,EI,EI 100 x 500,hydraulic,0.8,500.0,108100.0,3271323.0,,,270250.0,catalogue,derived,high,EI 100 x 500,1,,,30.3
EI100X600,EI,EI 100 x 600,hydraulic,0.8,600.0,129000.0,2893781.0,,,268750.0,catalogue,derived,high,EI 100 x 600,1,,,22.4
EI130X300,EI,EI 130 x 300,hydraulic,0.8,300.0,138000.0,2875017.0,,,575000.0,catalogue,derived,high,EI 130 x 300,1,,,20.8
EI120X400,EI,EI 120 x 400,hydraulic,0.8,400.0,144000.0,3265592.0,,,450000.0,catalogue,derived,high,EI 120 x 400,1,,,22.7
EI100X800,EI,EI 100 x 800,hydraulic,0.8,800.0,156000.0,3806704.0,,,243750.0,catalogue,derived,high,EI 100 x 800,1,,,24.4
EI130X400,EI,EI 130 x 400,hydraulic,0.8,400.0,184000.0,4193268.0,,,575000.0,catalogue,derived,high,EI 130 x 400,1,,,22.8
EI120X600,EI,EI 120 x 600,hydraulic,0.8,600.0,216000.0,4241192.0,,,450000.0,catalogue,derived,high,EI 120 x 600,1,,,19.6
EI130X600,EI,EI 130 x 600,hydraulic,0.8,600.0,242000.0,5146198.0,,,504167.0,catalogue,derived,high,EI 130 x 600,1,,,21.3
EI150X400,EI,EI 150 x 400,hydraulic,0.8,400.0,253000.0,5046183.0,,,790625.0,catalogue,derived,high,EI 150 x 400,1,,,19.9
EI120X800,EI,EI 120 x 800,hydraulic,0.8,800.0,259000.0,5423415.0,,,404688.0,catalogue,derived,high,EI 120 x 800,1,,,20.9
EI120X1000,EI,EI 120 x 1000,hydraulic,0.8,1000.0,299000.0,6205978.0,,,373750.0,catalogue,derived,high,EI 120 x 1000,1,,,20.8
EI130X800,EI,EI 130 x 800,hydraulic,0.8,800.0,311000.0,6535344.0,,,485938.0,catalogue,derived,high,EI 130 x 800,1,,,21.0
EI150X500,EI,EI 150 x 500,hydraulic,0.8,500.0,316000.0,6640414.0,,,790000.0,catalogue,derived,high,EI 150 x 500,1,,,21.0
EI150X600,EI,EI 150 x 600,hydraulic,0.8,600.0,380000.0,7985308.0,,,791667.0,catalogue,derived,high,EI 150 x 600,1,,,21.0
EI150X800,EI,EI 150 x 800,hydraulic,0.8,800.0,515000.0,10822194.0,,,804688.0,catalogue,derived,high,EI 150 x 800,1,,,21.0
EI150X1000,EI,EI 150 x 1000,hydraulic,0.8,1000.0,587000.0,12335200.0,,,733750.0,catalogue,derived,high,EI 150 x 1000,1,,,21.0
JHQC1,JHQC,JHQ-C-1,pu,0.158,60.0,265.0,7950.0,,,27954.0,catalogue,derived,high,,0,,,30.0
JHQC2,JHQC,JHQ-C-2,pu,0.159,60.0,400.0,12000.0,,,41929.0,catalogue,derived,high,,0,,,30.0
JHQC3,JHQC,JHQ-C-3,pu,0.159,75.0,502.0,15060.0,,,42096.0,catalogue,derived,high,,0,,,30.0
JHQC4,JHQC,JHQ-C-4,pu,0.159,60.0,628.0,18840.0,,,65828.0,catalogue,derived,high,,0,,,30.0
JHQC5,JHQC,JHQ-C-5,pu,0.159,75.0,785.0,23550.0,,,65828.0,catalogue,derived,high,,0,,,30.0
JHQC6,JHQC,JHQ-C-6,pu,0.158,94.0,980.0,29400.0,,,65984.0,catalogue,derived,high,,0,,,30.0
JHQC7,JHQC,JHQ-C-7,pu,0.159,75.0,1227.0,36810.0,,,102893.0,catalogue,derived,high,,0,,,30.0
JHQC8,JHQC,JHQ-C-8,pu,0.158,94.0,1533.0,45990.0,,,103218.0,catalogue,derived,high,,0,,,30.0
JHQC9,JHQC,JHQ-C-9,pu,0.159,120.0,1960.0,58800.0,,,102725.0,catalogue,derived,high,,0,,,30.0
JHQC10,JHQC,JHQ-C-10,pu,0.158,94.0,2512.0,75360.0,,,169135.0,catalogue,derived,high,,0,,,30.0
JHQC11,JHQC,JHQ-C-11,pu,0.154,120.0,3125.0,93750.0,,,169102.0,catalogue,derived,high,,0,,,30.0
JHQC12,JHQC,JHQ-C-12,pu,0.159,150.0,4019.0,120570.0,,,168512.0,catalogue,derived,high,,0,,,30.0
JHQC13,JHQC,JHQ-C-13,pu,0.158,120.0,5024.0,150720.0,,,264979.0,catalogue,derived,high,,0,,,30.0
JHQC14,JHQC,JHQ-C-14,pu,0.158,150.0,6280.0,188400.0,,,264979.0,catalogue,derived,high,,0,,,30.0
JHQC15,JHQC,JHQ-C-15,pu,0.158,188.0,7850.0,235500.0,,,264274.0,catalogue,derived,high,,0,,,30.0
JHQC16,JHQC,JHQ-C-16,pu,0.158,150.0,9810.0,294300.0,,,413924.0,catalogue,derived,high,,0,,,30.0
JHQC17,JHQC,JHQ-C-17,pu,0.158,188.0,12266.0,367980.0,,,412941.0,catalogue,derived,high,,0,,,30.0
JHQC18,JHQC,JHQ-C-18,pu,0.158,240.0,15700.0,471000.0,,,414030.0,catalogue,derived,high,,0,,,30.0
JHQC19,JHQC,JHQ-C-19,pu,0.158,188.0,20096.0,602880.0,,,676542.0,catalogue,derived,high,,0,,,30.0
JHQC20,JHQC,JHQ-C-20,pu,0.159,240.0,25732.0,771960.0,,,674319.0,catalogue,derived,high,,0,,,30.0
JHQC21,JHQC,JHQ-C-21,pu,0.159,300.0,32154.000000000004,964620.0,,,674088.0,catalogue,derived,high,,0,,,30.0
JHQC22,JHQC,JHQ-C-22,pu,0.159,337.0,36170.0,1085100.0,,,675028.0,catalogue,derived,high,,0,,,30.0
JHQC24,JHQC,JHQ-C-24,pu,0.159,225.0,37700.0,1131000.0,,,1053809.0,catalogue,derived,high,,0,,,30.0
JHQC23,JHQC,JHQ-C-23,pu,0.159,337.0,56500.0,1695000.0,,,1054439.0,catalogue,derived,high,,0,,,30.0
SB1204A,SB,SB-1204A,spring,0.5,55.0,140.0,42000.0,,,5091.0,catalogue,catalogue,high,SB-1204A,1,,,300.0
SB1204B,SB,SB-1204B,spring,0.5,75.0,390.0,117000.0,,,10400.0,catalogue,catalogue,high,SB-1204B,1,,,300.0
SB1204C,SB,SB-1204C,spring,0.5,100.0,1700.0,510000.0,,,34000.0,catalogue,catalogue,high,SB-1204C,1,,,300.0
SB1204D,SB,SB-1204D,spring,0.5,125.0,2550.0,765000.0,,,40800.0,catalogue,catalogue,high,SB-1204D,1,,,300.0
SB1204E,SB,SB-1204E,spring,0.5,150.0,4100.0,1230000.0,,,54667.0,catalogue,catalogue,high,SB-1204-E; SB-1204E,2,,,300.0
SB1204F,SB,SB-1204F,spring,0.5,110.0,5000.0,1500000.0,,,90909.0,catalogue,catalogue,high,SB-1204F,1,,,300.0
SB1204G,SB,SB-1204G,spring,0.5,150.0,5000.0,1500000.0,,,66667.0,catalogue,catalogue,high,SB-1204G,1,,,300.0
SB1220A,SB,SB-1220-A,spring,0.5,170.0,7110.0,2133000.0,,,83647.0,catalogue,catalogue,high,SB-1220-A,1,,,300.0
SB1220C,SB,SB-1220-C,spring,0.5,170.0,7500.0,2250000.0,,,88235.0,catalogue,catalogue,high,SB-1220-C,1,,,300.0
SB1220E,SB,SB-1220-E,spring,0.5,200.0,8300.0,2490000.0,,,83000.0,catalogue,catalogue,high,SB-1220-E,1,,,300.0
SB1220L,SB,SB-1220-L,spring,0.5,200.0,8300.0,2490000.0,,,83000.0,catalogue,catalogue,high,SB-1220-L,1,,,300.0
SB1220D,SB,SB-1220-D,spring,0.5,200.0,9400.0,2820000.0,,,94000.0,catalogue,catalogue,high,SB-1220-D,1,,,300.0
SB1220B,SB,SB-1220-B,spring,0.5,250.0,10400.0,3120000.0,,,83200.0,catalogue,catalogue,high,SB-1220-B,1,,,300.0
SB1220K,SB,SB-1220-K,spring,0.5,150.0,10700.0,3210000.0,,,142667.0,catalogue,catalogue,high,SB-1220-K,1,,,300.0
SB1220H,SB,SB-1220-H,spring,0.5,250.0,12500.0,3750000.0,,,100000.0,catalogue,catalogue,high,SB-1220-H,1,,,300.0
SB1220M,SB,SB-1220-M,spring,0.5,200.0,12500.0,3750000.0,,,125000.0,catalogue,catalogue,high,SB-1220-M,1,,,300.0
SB1220P,SB,SB-1220-P,spring,0.5,150.0,12500.0,3750000.0,,,166667.0,catalogue,catalogue,high,SB-1220-P,1,,,300.0
SB1220G,SB,SB-1220-G,spring,0.5,250.0,14000.0,4200000.0,,,112000.0,catalogue,catalogue,high,SB-1220-G,1,,,300.0
SB1220N,SB,SB-1220-N,spring,0.5,150.0,14000.0,4200000.0,,,186667.0,catalogue,catalogue,high,SB-1220-N,1,,,300.0
SB1220F,SB,SB-1220-F,spring,0.5,240.0,16000.0,4800000.0,,,133333.0,catalogue,catalogue,high,SB-1220-F,1,,,300.0
SB1220J,SB,SB-1220-J,spring,0.5,260.0,28000.0,8400000.0,,,215385.0,catalogue,catalogue,high,SB-1220-J,1,,,300.0
YSR88,YSRA,YSR-8-8,hydraulic,0.8,10.0,5.0,16000.0,0.33,47.0,625.0,catalogue,catalogue,high,,0,,,3200.0
YSR1212,YSRA,YSR-12-12,hydraulic,0.8,13.0,10.0,34000.0,0.66,95.0,962.0,catalogue,catalogue,high,,0,,,3400.0
YSR1620,YSRA,YSR-16-20,hydraulic,0.8,20.0,50.0,60000.0,3.31,473.0,3125.0,catalogue,catalogue,high,,0,,,1200.0
YSR2025,YSRA,YSR-20-25,hydraulic,0.8,25.0,80.0,90000.0,5.29,756.0,4000.0,catalogue,catalogue,high,,0,,,1125.0
